WinID,StartIdx,EndIdx,HRR_1,HRR_2,HRR_3,HRR_4,HMean_1,HMean_2,HMean_3,HMean_4,HVar_1,HVar_2,HVar_3,HVar_4,HSkew_1,HSkew_2,HSkew_3,HSkew_4,HKurt_1,HKurt_2,HKurt_3,HKurt_4,HEnt_1,HEnt_2,HEnt_3,HEnt_4,HGini_1,HGini_2,HGini_3,HGini_4,HJSD_1,HJSD_2,HJSD_3,HJSD_4,HMedian_1,HMedian_2,HMedian_3,HMedian_4,HIQR_1,HIQR_2,HIQR_3,HIQR_4
1,1,200,0.06760000000000001,0.07840000000000001,0.0576,0.0484,1.3072146964009146,1.366338942134723,1.6001822354867141,1.4513546469909462,0.503563118197295,0.5545993649491079,0.6440244259359453,0.5283539102598755,0.24807584863719964,0.18526905296411653,-0.1470293493051927,0.03863169206513039,2.260837363385367,2.0763311066880674,2.029915963000501,2.1426754449608256,4.086464042213757,4.131552086222586,4.142514639366476,4.158657811681195,0.9364024760617787,0.9392519817844494,0.937416691816307,0.9401597468365746,0.010294383861124376,0.0034467597344500756,0.019054075915071293,0.004102696527259461,1.2980118122981386,1.339389378354781,1.6620811815744974,1.4604195839498182,1.139558818572311,1.2032893667781435,1.363839415992587,1.1573067736474487
2,101,300,0.08702499999999999,0.046224999999999995,0.0529,0.06760000000000001,1.4077333073634082,1.3606494967685554,1.52676989782834,1.4014977658053207,0.5246169850495749,0.5274883000727741,0.6536845216762273,0.4819512819981256,0.07846080690171066,0.14060989043022015,-0.12651822739523083,0.08458016518056656,2.1161334507128666,2.072153622429148,1.8497069775469661,2.2449229265880595,4.055425966481614,4.120976360764904,4.1935151298594855,4.067661944546923,0.9353989262587697,0.9388466401523653,0.9425601530957548,0.9360111836821978,0.002545268977507586,0.0036889569270857937,0.013098022996719456,0.006550107461429625,1.4270688395161177,1.3545292641024778,1.5856349154985823,1.4066910734595892,1.184460481541032,1.1683785574988192,1.4062579591532498,1.0594022530161644
3,201,400,0.0625,0.055224999999999996,0.0625,0.07022500000000001,1.3912530574698423,1.4824293529430126,1.5013948804295645,1.39078222333633,0.5523071053988151,0.6148019643122064,0.6675294899961167,0.5766329622555588,0.0882523378392269,0.15727101519603284,-0.010656580867309563,-0.04549983194415436,2.0949715425158764,2.0707818493693417,1.8414055613424263,1.946769356368069,4.172881060391659,4.1501263870087595,4.1264786104042495,4.078514840802332,0.941323781757601,0.939849952206175,0.9387408579758434,0.9369208440326002,0.006572796030168985,0.006740013711674247,0.007745489777836218,0.008736050860999343,1.4093368590854085,1.443778215496466,1.5028027503322487,1.407899326170075,1.2031484603948694,1.2793436214997034,1.4138996289979844,1.2381724496026023
4,301,500,0.0529,0.0961,0.04000000000000001,0.06760000000000001,1.4774418982763833,1.4929267643191209,1.5303877322941215,1.3660644840500327,0.6334919783954478,0.6864500416246984,0.620873128258687,0.5422572849847679,0.07993457380900879,0.048147556756703305,-0.04261513718121505,0.029018629065318092,1.9971469246322293,1.9461909293120363,2.00714642836981,1.9919192784801325,4.15381208135277,4.180516383253986,4.126466637319612,4.180275522958636,0.9401087539965927,0.9415738387267362,0.9385305719921104,0.9426256173661018,0.004449369913031125,0.0036521120212564878,0.006077351385114263,0.013214759026796634,1.4712606950752596,1.4737899187375858,1.572709510419322,1.374544394418297,1.3133398560136202,1.436772844336253,1.3371727815183538,1.2028006120603874
5,401,600,0.0961,0.07022500000000001,0.030624999999999996,0.0625,1.4275236811533996,1.4811880270577942,1.6057686213535125,1.364240309059091,0.5916739830886857,0.7442935140541791,0.6192841570060892,0.5368404246593164,0.22448305743955382,0.026836521370605073,-0.1387224190203381,0.09969090713620045,2.158864727644338,1.8786868939727535,2.025989756604981,2.125911276439496,4.147866932989788,4.189190592124495,4.118936621462668,4.111731932864807,0.9396929036508765,0.9418037120750925,0.9379111644657863,0.9387581840899625,0.004091769340152108,0.009595213938448567,0.014200017330386045,0.00856194575367259,1.3773161254081223,1.4828161913975357,1.6802246633038116,1.389447488922814,1.2170299215616447,1.5260389267494316,1.3212393699829919,1.1793569304392664
6,501,700,0.0729,0.0361,0.0576,0.09,1.4751113905531905,1.4549119476014845,1.4944195458265748,1.3746853418204883,0.618900955063271,0.6163377581612788,0.5981663374884887,0.642674609736028,0.11028129914675458,0.14606141345712495,-0.06240399823847521,0.198768650298981,1.993446969146324,2.191067669086774,1.905207839068297,2.0649213002605444,4.1814410288492425,4.165885394701708,4.192412233424888,4.144036103359678,0.9411469404876839,0.9406910841364686,0.9426399577486042,0.9402323725621629,0.0046569087740757145,0.010664154205627135,0.008120484382167125,0.004002716160733166,1.4205189734052102,1.4311943441091288,1.508097185019766,1.353121126071907,1.3352828558287653,1.1879368868168172,1.3158988473396793,1.3231803660114672
7,601,800,0.0961,0.0484,0.0484,0.0625,1.386859966912016,1.431627074232145,1.4944335642982627,1.4119012260898485,0.6412132290264396,0.6202448981104914,0.6233030128670383,0.6316915094617105,0.15981099706308505,0.17238808306287914,0.009086007493379651,0.16993745149029665,1.989512538158264,2.184784071125965,1.9163115959491088,2.079744990877714,4.1670546349987845,4.160036658646513,4.189035146327207,4.14736874893974,0.9414535886401142,0.9404301632778942,0.942432585851633,0.9401909204498126,0.0030767364458978656,0.006340850221574285,0.006407539783441899,0.003161027744404382,1.3316648916143823,1.4172553770228855,1.483994700670957,1.4036645378319363,1.3158294540787492,1.2182216407115234,1.3522862040532213,1.3073466160664073
8,701,900,0.09922500000000001,0.065025,0.0529,0.04000000000000001,1.3924488106613482,1.4189025909208586,1.5290215672565486,1.4913231906703681,0.589861271474239,0.547601207502907,0.6168754864643531,0.598652606834695,0.1989657547518965,0.1575740218740391,-0.022191609549232057,0.002206818334752697,2.144533216015526,2.289593717491233,1.9600193091680294,2.0497196321266635,4.143502049672276,4.090936229559035,4.115996070097599,4.13243231685711,0.9396579998631434,0.9369048827374087,0.9382099932320475,0.9389349112426035,0.0037917830479813498,0.005061122763954385,0.0061564895366350274,0.006348616756405929,1.3910239348876852,1.434611109997953,1.5470502378073685,1.5099375748520494,1.2540065274533332,1.1650272660537027,1.369891404644639,1.2793168737020486
9,801,1000,0.0576,0.0484,0.09,0.0576,1.459179508226668,1.5479158327848033,1.4505243511911174,1.4418370147773838,0.5375076809632559,0.5855702296403049,0.584344840409359,0.5173841573495394,0.06940778382646773,-0.0341683425486217,0.0027961186662184075,0.028782959268360473,2.0632440113822414,2.176550925618091,1.9598093568533872,2.0761860436095216,4.121882945412203,4.144053897387118,4.106851293211291,4.059248341029301,0.9386851768019717,0.9392389900281144,0.9392498962622491,0.9362723831799205,0.0038030844904974586,0.006124033031162331,0.0031957536787705,0.0026155201681674852,1.4528052805332328,1.6012313445458952,1.4606589007433541,1.4542262290640418,1.2352650902835143,1.207430641732802,1.264447183715721,1.1688397198703229
10,901,1100,0.060024999999999995,0.034225,0.0961,0.06760000000000001,1.3807901814049632,1.3835165427865421,1.416108536080006,1.3970434335371795,0.44925416515056094,0.4826505420156014,0.45386368729947313,0.42168475253792354,0.03836629662300761,0.21767644021831378,-0.05699550815387125,-0.04116745466564778,2.2633867895475057,2.4191751685886764,2.2101257746832665,2.165053802313595,4.020507405362991,4.062889574074946,4.106804323924706,3.958237349364428,0.9330646374195937,0.9343848352857362,0.9369886749587024,0.9305228530674365,0.0028945153884413965,0.006251775337059188,0.002190565556110246,0.003608320402693082,1.428053621267693,1.384132526978747,1.4817206305139108,1.4457050736177388,1.028038758494162,1.0202681495057153,1.0200610806966126,1.0255045630955635
11,1001,1200,0.060024999999999995,0.046224999999999995,0.07840000000000001,0.06760000000000001,1.0611579272029397,1.1868592428006852,1.2731874827028564,1.2326464263582881,0.3458753709544689,0.4213944544691983,0.39456172128118994,0.39548959547725027,0.3377776267435538,0.17562614167740603,-0.10520846721902426,0.004858121655933198,2.3587126895723594,2.104332977204129,2.140657294679544,2.0861649198151406,4.008331227243627,4.124384681704774,3.9863610494882153,4.1861603138764165,0.9319048197510297,0.938979089021583,0.9315592848709732,0.941905593888559,0.01681872123233153,0.00525122599326057,0.009462149314702632,0.004154811652057982,0.9932753865043046,1.1491710919006963,1.326281781005597,1.266478078677546,0.8939992963594432,1.0379776455127425,0.9360824030772034,0.9998932699956622
12,1101,1300,0.060024999999999995,0.065025,0.07022500000000001,0.055224999999999996,1.0987105538157607,1.2303971354883012,1.188460658608537,1.2690552593554296,0.3224454976341384,0.41416363155200375,0.34971233401314106,0.4585370111039983,0.22294764359805416,0.10159816969631354,0.01990955514042573,-0.047532372853657745,2.256323469688983,2.120697879389074,2.18358453459578,1.9515630956533454,3.991573807299196,4.090784370858844,4.063034152186696,4.169145855074462,0.9319496506085427,0.9378682045367166,0.9354768379743049,0.9414827296136017,0.010442735620839002,0.0026418405585691054,0.0050206633921316066,0.009492426308399117,1.074820240560081,1.2302553080919836,1.1780015157178538,1.354134450170398,0.8808532170413284,0.9984877926947329,0.9039823754102435,1.1029650568440834
13,1201,1400,0.06760000000000001,0.055224999999999996,0.060024999999999995,0.06760000000000001,1.1541720782067153,1.2093204085480065,1.1432541514839973,1.2698607291408197,0.36344482982420423,0.3808050949634949,0.35274376408822267,0.44837561020554384,0.15896494257332341,0.14609877638781407,0.19039505502510862,-0.08275293419232528,2.1338961859214423,2.3312028215008125,2.390010878763987,1.9074818352812566,4.103213386550153,3.99276149308798,3.948282693598466,4.124315789742042,0.9378709599630547,0.9313095336914375,0.9295475843398584,0.9398774708862545,0.004929071678311547,0.004984801443302465,0.006578506230207252,0.009730396204012942,1.1184793650010134,1.2082018209154948,1.1251866153741443,1.3495911526163713,0.939090700511605,0.9331069688876216,0.9120359433329607,1.1173818158533297
14,1301,1500,0.065025,0.0576,0.04409999999999999,0.08702499999999999,1.247714183872568,1.2831787274295998,1.262775473401809,1.2442241399457836,0.40274128602371156,0.42624092426288357,0.37799801443979497,0.4207367879496268,0.054765719988906454,0.06043169323173183,0.1053454294397974,0.01913957850213798,2.0838690973977987,2.109915346807569,2.2648822431246276,2.085649914799466,4.227897522563469,4.065080205547722,4.007977116780739,4.0908736765554305,0.943840061514802,0.9365631758965847,0.9326162350722561,0.9377251264807324,0.00505542761136368,0.0027113695536173355,0.005993739123461857,0.0017874986712137907,1.2702977889702207,1.3157247022318708,1.2268609661556582,1.2987381666422126,1.0114425292974356,0.9931271049836814,0.9242322142822048,1.01891429113121
15,1401,1600,0.050625,0.07562500000000001,0.0625,0.0625,1.2465406192630126,1.294344722138267,1.2975563703567168,1.2586095112858606,0.38350415005263583,0.38193665927294146,0.3643452230580664,0.39754113052339257,0.1050274343791008,-0.003317611766338799,0.0038714822414172463,0.04956305062922015,2.3269141407513714,2.1841179575631804,2.212256678796622,2.146444109120048,4.083562189838907,4.165698476541288,4.080856239062724,3.9929590103970782,0.9350780532598715,0.9406940334886463,0.9362538942107455,0.9324394835485215,0.006867913555833259,0.0031970570571211608,0.0017482469440244488,0.002638096092172567,1.2663432523568399,1.3055350988444243,1.3305623754780573,1.2834414373962817,0.8960419738191552,0.9226779471357281,0.9160140765764905,0.9644575568108097
16,1501,1700,0.055224999999999996,0.0484,0.093025,0.0576,1.11026460525488,1.2119635151092418,1.3234910381818705,1.224074375888587,0.3684715243324722,0.32907091673795924,0.4118271979955827,0.3720875338385324,0.35902801079742314,0.06451430235102552,0.02344361671670578,0.09288302594078998,2.333381983495331,2.362501417921656,2.237154517594923,2.2089082667568203,4.033976416766824,4.0667592381126765,4.0914824837854225,4.10126404086689,0.9321379029421656,0.9346620241452829,0.9368467257905582,0.9377672149288265,0.011789867241830655,0.007514454694625082,0.004978034014351745,0.005005833432985877,0.9826020021151356,1.2291096252161449,1.3559753811871924,1.2014828447181571,0.9291652484716066,0.8713478077096295,0.9658508957982912,0.942298948761513
17,1601,1800,0.0729,0.034225,0.0729,0.07562500000000001,1.10598381154675,1.1758595664000389,1.2410726683285342,1.1587969559441154,0.3919606633484411,0.3536328182099906,0.415848128414197,0.3709972700949515,0.33257900088468834,0.04501550748973882,0.03513875348442619,0.13873831682142407,2.2003881086994523,2.2339269798143264,2.1802186599936038,2.226225667349439,4.021196964067666,4.139771035428753,4.0910252563210205,4.099011187460993,0.9331557735497453,0.9384880375871367,0.937710015963777,0.9377410468319559,0.008721106839824785,0.009633683521134827,0.007361194648335113,0.004888832632545626,1.015024444169029,1.203766081296156,1.2398030570046745,1.1319155567502917,0.9755004463816179,0.8853961502390728,0.9418443992870882,0.953869169311658
18,1701,1900,0.06760000000000001,0.0529,0.050625,0.08122499999999999,1.2138635690806148,1.1197319567092512,1.0811326264422578,1.1771681660172162,0.4540798673389299,0.3539133854058372,0.3132601027026514,0.4019624837487991,0.2011863649074154,0.07388350968438655,0.06193424537376564,0.0391200882290592,2.1187076232320194,2.2068072100244365,2.3066556797882622,2.0811588924259805,4.034965015251987,4.145669454545103,3.9719484602245534,4.102597570839963,0.9342355807620647,0.9393022007514761,0.9304417916539128,0.9378293792124421,0.008133836915367034,0.00639487445077092,0.017971632429683054,0.0028496758083841724,1.2244168704122709,1.1357501381955648,1.0634199024251476,1.2056109681123472,1.0979423732329434,0.8690664938812895,0.8553091919482718,0.9991545644755547
19,1801,2000,0.060024999999999995,0.060024999999999995,0.0484,0.0841,1.3306861714077134,1.1462776802201786,1.2033594751309569,1.2951225069112369,0.4691130613022461,0.355008685867509,0.33741650117751687,0.4761724277180691,0.10321488370894358,0.22913236309365148,0.11944518621832638,0.05219604966973627,2.165099896925473,2.4225667874008665,2.4337403005970826,2.116707810099663,4.116557088141547,3.9727347543862996,3.937688054324607,4.057484422227169,0.9386410176315424,0.9308014021935305,0.9274613483276642,0.9361878108291987,0.005439707938348414,0.011412742330843027,0.010052922986936032,0.00465186577610126,1.3538652974440655,1.1369630043751315,1.1950312007715227,1.3347935880452335,1.0618455609384165,0.8855363280248888,0.8770526206717426,1.06075570334576
